timestamp,pressure_kpa,volume_db,frequency_hz,cycle_number,audio_file,event_type
2025-01-16 14:13:58.335219,-0.83,0.00,0.0,0,None,data
2025-01-16 14:13:58.372093,-0.83,0.00,0.0,0,None,data
2025-01-16 14:13:58.491721,-0.83,0.00,0.0,0,None,data
2025-01-16 14:13:58.548840,-0.88,0.00,0.0,0,None,data
2025-01-16 14:13:58.649403,-0.83,0.00,0.0,0,None,data
2025-01-16 14:13:58.749426,-0.83,0.00,0.0,0,None,data
2025-01-16 14:13:58.847440,-0.83,0.00,0.0,0,None,data
2025-01-16 14:13:58.945692,-0.83,0.00,0.0,0,None,data
2025-01-16 14:13:59.045886,-0.88,0.00,0.0,0,None,data
2025-01-16 14:13:59.143926,-0.83,0.00,0.0,0,None,data
2025-01-16 14:13:59.254544,-0.83,0.00,0.0,0,None,data
2025-01-16 14:13:59.342376,-0.83,0.00,0.0,0,None,data
2025-01-16 14:13:59.445494,-0.83,0.00,0.0,0,None,data
2025-01-16 14:13:59.545686,-0.88,0.00,0.0,0,None,data
2025-01-16 14:13:59.645968,-0.78,0.00,0.0,0,None,data
2025-01-16 14:13:59.746257,-0.83,0.00,0.0,0,None,data
2025-01-16 14:13:59.844151,-0.83,0.00,0.0,0,None,data
2025-01-16 14:13:59.943121,-0.83,0.00,0.0,0,None,data
2025-01-16 14:14:00.058085,-0.83,0.00,0.0,0,None,data
2025-01-16 14:14:00.142378,-0.83,0.00,0.0,0,None,data
2025-01-16 14:14:00.252965,-0.83,0.00,0.0,0,None,data
2025-01-16 14:14:00.354600,-0.83,0.00,0.0,0,None,data
2025-01-16 14:14:00.452038,-0.83,0.00,0.0,0,None,data
2025-01-16 14:14:00.547456,-0.83,0.00,0.0,0,None,data
2025-01-16 14:14:00.654656,-0.83,0.00,0.0,0,None,data
2025-01-16 14:14:00.744630,-0.88,0.00,0.0,0,None,data
2025-01-16 14:14:00.843176,-0.83,0.00,0.0,0,None,data
2025-01-16 14:14:00.950665,-0.83,0.00,0.0,0,None,data
2025-01-16 14:14:01.050737,-0.83,0.00,0.0,0,None,data
2025-01-16 14:14:01.143476,-0.88,0.00,0.0,0,None,data
2025-01-16 14:14:01.245920,-0.83,0.00,0.0,0,None,data
2025-01-16 14:14:01.343174,-0.88,0.00,0.0,0,None,data
2025-01-16 14:14:01.449059,-0.83,0.00,0.0,0,None,data
2025-01-16 14:14:01.547223,-0.83,0.00,0.0,0,None,data
2025-01-16 14:14:01.646349,-0.88,0.00,0.0,0,None,data
2025-01-16 14:14:01.750631,-0.88,0.00,0.0,0,None,data
2025-01-16 14:14:01.848427,-0.83,0.00,0.0,0,None,data
2025-01-16 14:14:01.948177,-0.83,0.00,0.0,0,None,data
2025-01-16 14:14:02.050083,-0.83,0.00,0.0,0,None,data
2025-01-16 14:14:02.148350,-0.83,0.00,0.0,0,None,data
2025-01-16 14:14:02.247297,-0.83,0.00,0.0,0,None,data
2025-01-16 14:14:02.347538,-0.83,0.00,0.0,0,None,data
2025-01-16 14:14:02.447802,-0.83,0.00,0.0,0,None,data
2025-01-16 14:14:02.542144,-0.83,0.00,0.0,0,None,data
2025-01-16 14:14:02.642657,-0.88,0.00,0.0,0,None,data
2025-01-16 14:14:02.753010,-0.88,0.00,0.0,0,None,data
2025-01-16 14:14:02.852877,-0.83,0.00,0.0,0,None,data
2025-01-16 14:14:02.953481,-0.83,0.00,0.0,0,None,data
2025-01-16 14:14:03.053911,-0.83,0.00,0.0,0,None,data
2025-01-16 14:14:03.152611,-0.78,0.00,0.0,0,None,data
2025-01-16 14:14:03.252249,-0.83,0.00,0.0,0,None,data
2025-01-16 14:14:03.343333,-0.78,0.00,0.0,0,None,data
2025-01-16 14:14:03.444288,-0.83,0.00,0.0,0,None,data
2025-01-16 14:14:03.555357,-0.88,0.00,0.0,0,None,data
2025-01-16 14:14:03.651066,-0.83,0.00,0.0,0,None,data
2025-01-16 14:14:03.789333,-0.83,0.00,0.0,0,None,data
2025-01-16 14:14:03.842896,-0.83,0.00,0.0,0,None,data
2025-01-16 14:14:03.953781,-0.83,0.00,0.0,0,None,data
2025-01-16 14:14:04.054458,-0.83,0.00,0.0,0,None,data
2025-01-16 14:14:04.142657,-0.88,0.00,0.0,0,None,data
2025-01-16 14:14:04.254132,-0.83,0.00,0.0,0,None,data
2025-01-16 14:14:04.342894,-0.83,0.00,0.0,0,None,data
2025-01-16 14:14:04.454707,-0.83,0.00,0.0,0,None,data
2025-01-16 14:14:04.548792,-0.88,0.00,0.0,0,None,data
2025-01-16 14:14:04.651168,-0.83,0.00,0.0,0,None,data
2025-01-16 14:14:04.749606,-0.88,0.00,0.0,0,None,data
2025-01-16 14:14:04.849295,-0.83,0.00,0.0,0,None,data
2025-01-16 14:14:04.949921,-0.88,0.00,0.0,0,None,data
2025-01-16 14:14:05.050931,-0.88,0.00,0.0,0,None,data
2025-01-16 14:14:05.150976,-0.83,0.00,0.0,0,None,data
2025-01-16 14:14:05.251622,-0.83,0.00,0.0,0,None,data
2025-01-16 14:14:05.344013,-0.83,0.00,0.0,0,None,data
2025-01-16 14:14:05.451302,-0.83,0.00,0.0,0,None,data
2025-01-16 14:14:05.550009,-0.88,0.00,0.0,0,None,data
2025-01-16 14:14:05.652393,-0.83,0.00,0.0,0,None,data
2025-01-16 14:14:05.751286,-0.83,0.00,0.0,0,None,data
2025-01-16 14:14:05.849061,-0.83,0.00,0.0,0,None,data
2025-01-16 14:14:05.949944,-0.83,0.00,0.0,0,None,data
2025-01-16 14:14:06.050328,-0.83,0.00,0.0,0,None,data
2025-01-16 14:14:06.145718,-0.88,0.00,0.0,0,None,data
2025-01-16 14:14:06.244331,-0.83,0.00,0.0,0,None,data
2025-01-16 14:14:06.345654,-0.88,0.00,0.0,0,None,data
2025-01-16 14:14:06.450628,-0.83,0.00,0.0,0,None,data
2025-01-16 14:14:06.550472,-0.83,0.00,0.0,0,None,data
2025-01-16 14:14:06.653223,-0.83,0.00,0.0,0,None,data
2025-01-16 14:14:06.753559,-0.83,0.00,0.0,0,None,data
2025-01-16 14:14:06.851421,-0.83,0.00,0.0,0,None,data
2025-01-16 14:14:06.951160,-0.83,0.00,0.0,0,None,data
2025-01-16 14:14:07.052521,-0.83,0.00,0.0,0,None,data
2025-01-16 14:14:07.155217,-0.78,0.00,0.0,0,None,data
2025-01-16 14:14:07.253380,-0.88,0.00,0.0,0,None,data
2025-01-16 14:14:07.354358,-0.83,0.00,0.0,0,None,data
2025-01-16 14:14:07.453279,-0.83,0.00,0.0,0,None,data
2025-01-16 14:14:07.552406,-0.83,0.00,0.0,0,None,data
2025-01-16 14:14:07.647527,-0.88,0.00,0.0,0,None,data
2025-01-16 14:14:07.747591,-0.83,0.00,0.0,0,None,data
2025-01-16 14:14:07.846199,-0.83,0.00,0.0,0,None,data
2025-01-16 14:14:07.946001,-0.88,0.00,0.0,0,None,data
2025-01-16 14:14:08.046100,-0.83,0.00,0.0,0,None,data
2025-01-16 14:14:08.154547,-0.83,0.00,0.0,0,None,data
2025-01-16 14:14:08.255263,-0.83,0.00,0.0,0,None,data
2025-01-16 14:14:08.343324,-0.88,0.00,0.0,0,None,data
2025-01-16 14:14:08.452328,-0.83,0.00,0.0,0,None,data
2025-01-16 14:14:08.553704,-0.83,0.00,0.0,0,None,data
2025-01-16 14:14:08.654287,-0.83,0.00,0.0,0,None,data
2025-01-16 14:14:08.754497,-0.88,0.00,0.0,0,None,data
2025-01-16 14:14:08.854901,-0.83,0.00,0.0,0,None,data
2025-01-16 14:14:08.955285,-0.83,0.00,0.0,0,None,data
2025-01-16 14:14:09.053147,-0.83,0.00,0.0,0,None,data
2025-01-16 14:14:09.153449,-0.83,0.00,0.0,0,None,data
2025-01-16 14:14:09.254432,-0.83,0.00,0.0,0,None,data
2025-01-16 14:14:09.354179,-0.83,0.00,0.0,0,None,data
2025-01-16 14:14:09.452534,-0.83,0.00,0.0,0,None,data
2025-01-16 14:14:09.549850,-0.83,0.00,0.0,0,None,data
2025-01-16 14:14:09.652848,-0.83,0.00,0.0,0,None,data
2025-01-16 14:14:09.751780,-0.83,0.00,0.0,0,None,data
2025-01-16 14:14:09.851707,-0.83,0.00,0.0,0,None,data
2025-01-16 14:14:09.954916,-0.83,0.00,0.0,0,None,data
2025-01-16 14:14:10.288643,-0.83,0.00,0.0,0,tek9.mp3,data
2025-01-16 14:14:10.288717,-0.83,0.00,0.0,0,tek9.mp3,data
2025-01-16 14:14:10.288747,-0.88,0.00,0.0,0,tek9.mp3,data
2025-01-16 14:14:10.350826,-0.88,0.05,13006.1,0,tek9.mp3,data
2025-01-16 14:14:10.453544,-0.88,0.05,13006.1,0,tek9.mp3,data
2025-01-16 14:14:10.552682,-0.83,0.05,13006.1,0,tek9.mp3,data
2025-01-16 14:14:10.653092,-0.88,0.05,13006.1,0,tek9.mp3,data
2025-01-16 14:14:10.754540,-0.83,0.06,13006.1,0,tek9.mp3,data
2025-01-16 14:14:10.854449,-0.83,0.06,13006.1,0,tek9.mp3,data
2025-01-16 14:14:10.947105,-0.83,0.06,13006.1,0,tek9.mp3,data
2025-01-16 14:14:11.052656,-0.83,0.07,13006.1,0,tek9.mp3,data
2025-01-16 14:14:11.153525,-0.78,0.07,13006.1,0,tek9.mp3,data
2025-01-16 14:14:11.246016,-0.83,0.08,13006.1,0,tek9.mp3,data
2025-01-16 14:14:11.346309,-0.88,0.08,13006.1,0,tek9.mp3,data
2025-01-16 14:14:11.449683,-0.83,0.08,13006.1,0,tek9.mp3,data
2025-01-16 14:14:11.550309,-0.83,0.09,13006.1,0,tek9.mp3,data
2025-01-16 14:14:11.649507,-0.88,0.09,13006.1,0,tek9.mp3,data
2025-01-16 14:14:11.750478,-0.88,0.09,13006.1,0,tek9.mp3,data
2025-01-16 14:14:11.850008,-0.88,0.10,13006.1,0,tek9.mp3,data
2025-01-16 14:14:11.950823,-0.78,0.10,13006.1,0,tek9.mp3,data
2025-01-16 14:14:12.053699,-0.83,0.10,13006.1,0,tek9.mp3,data
2025-01-16 14:14:12.152142,-0.83,0.10,13006.1,0,tek9.mp3,data
2025-01-16 14:14:12.252331,-0.83,0.11,13006.1,0,tek9.mp3,data
2025-01-16 14:14:12.353863,-0.83,0.11,13006.1,0,tek9.mp3,data
2025-01-16 14:14:12.455840,-0.83,0.11,13006.1,0,tek9.mp3,data
2025-01-16 14:14:12.556238,-0.83,0.12,13006.1,0,tek9.mp3,data
2025-01-16 14:14:12.652922,-0.83,0.12,13006.1,0,tek9.mp3,data
2025-01-16 14:14:12.754423,-0.83,0.12,13006.1,0,tek9.mp3,data
2025-01-16 14:14:12.853716,-0.83,0.13,13006.1,0,tek9.mp3,data
2025-01-16 14:14:12.950103,-0.83,0.12,13006.1,0,tek9.mp3,data
2025-01-16 14:14:13.056645,-0.83,0.13,13006.1,0,tek9.mp3,data
2025-01-16 14:14:13.155593,-0.83,0.13,13006.1,0,tek9.mp3,data
2025-01-16 14:14:13.248071,-0.88,0.13,13006.1,0,tek9.mp3,data
2025-01-16 14:14:13.355667,-0.88,0.14,13006.1,0,tek9.mp3,data
2025-01-16 14:14:13.455524,-0.83,0.14,13006.1,0,tek9.mp3,data
2025-01-16 14:14:13.555660,-0.83,0.13,13006.1,0,tek9.mp3,data
2025-01-16 14:14:13.656130,-0.83,0.14,13006.1,0,tek9.mp3,data
2025-01-16 14:14:13.756626,-0.83,0.15,13006.1,0,tek9.mp3,data
2025-01-16 14:14:13.850576,-0.88,0.14,13006.1,0,tek9.mp3,data
2025-01-16 14:14:13.953381,-0.83,0.15,13006.1,0,tek9.mp3,data
2025-01-16 14:14:14.054305,-0.88,0.15,13006.1,0,tek9.mp3,data
2025-01-16 14:14:14.154056,-0.83,0.15,13006.1,0,tek9.mp3,data
2025-01-16 14:14:14.253731,-0.83,0.16,13006.1,0,tek9.mp3,data
2025-01-16 14:14:14.348479,-0.83,0.16,13006.1,0,tek9.mp3,data
2025-01-16 14:14:14.446703,-0.83,0.15,13006.1,0,tek9.mp3,data
2025-01-16 14:14:14.546467,-0.83,0.16,13006.1,0,tek9.mp3,data
2025-01-16 14:14:14.655624,-0.83,0.16,13006.1,0,tek9.mp3,data
2025-01-16 14:14:14.755318,-0.83,0.16,13006.1,0,tek9.mp3,data
2025-01-16 14:14:14.853632,-0.88,0.17,13006.1,0,tek9.mp3,data
2025-01-16 14:14:14.951707,-0.83,0.16,13006.1,0,tek9.mp3,data
2025-01-16 14:14:15.051923,-0.78,0.16,13006.1,0,tek9.mp3,data
2025-01-16 14:14:15.148014,-0.83,0.17,13006.1,0,tek9.mp3,data
2025-01-16 14:14:15.257907,-0.78,0.16,13006.1,0,tek9.mp3,data
2025-01-16 14:14:15.352693,-0.88,0.17,13006.1,0,tek9.mp3,data
2025-01-16 14:14:15.446855,-0.88,0.18,13006.1,0,tek9.mp3,data
2025-01-16 14:14:15.545540,-0.83,0.17,13006.1,0,tek9.mp3,data
2025-01-16 14:14:15.655996,-0.83,0.17,13006.1,0,tek9.mp3,data
2025-01-16 14:14:15.756551,-0.83,0.18,13006.1,0,tek9.mp3,data
2025-01-16 14:14:15.852925,-0.83,0.17,13006.1,0,tek9.mp3,data
2025-01-16 14:14:15.947147,-0.88,0.18,13006.1,0,tek9.mp3,data
2025-01-16 14:14:16.046071,-0.83,0.18,13006.1,0,tek9.mp3,data
2025-01-16 14:14:16.145436,-0.88,0.17,13006.1,0,tek9.mp3,data
2025-01-16 14:14:16.257276,-0.88,0.18,13006.1,0,tek9.mp3,data
2025-01-16 14:14:16.358772,-0.88,0.19,13006.1,0,tek9.mp3,data
2025-01-16 14:14:16.455165,-0.88,0.18,13006.1,0,tek9.mp3,data
2025-01-16 14:14:16.550246,-0.83,0.19,13006.1,0,tek9.mp3,data
2025-01-16 14:14:16.649962,-0.83,0.19,13006.1,0,tek9.mp3,data
2025-01-16 14:14:16.748224,-0.83,0.18,13006.1,0,tek9.mp3,data
2025-01-16 14:14:16.850661,-0.78,0.19,13006.1,0,tek9.mp3,data
2025-01-16 14:14:16.949603,-0.83,0.19,13006.1,0,tek9.mp3,data
2025-01-16 14:14:17.049697,-0.83,0.19,13006.1,0,tek9.mp3,data
2025-01-16 14:14:17.164174,-0.83,0.20,13006.1,0,tek9.mp3,data
2025-01-16 14:14:17.249672,-0.88,0.19,13006.1,0,tek9.mp3,data
2025-01-16 14:14:17.356419,-0.83,0.19,13006.1,0,tek9.mp3,data
2025-01-16 14:14:17.457230,-0.88,0.20,13006.1,0,tek9.mp3,data
2025-01-16 14:14:17.555407,-0.83,0.20,13006.1,0,tek9.mp3,data
2025-01-16 14:14:17.655553,-0.83,0.19,13006.1,0,tek9.mp3,data
2025-01-16 14:14:17.752272,-0.88,0.20,13006.1,0,tek9.mp3,data
2025-01-16 14:14:17.846538,-0.83,0.20,13006.1,0,tek9.mp3,data
2025-01-16 14:14:17.954500,-0.78,0.19,13006.1,0,tek9.mp3,data
2025-01-16 14:14:18.053081,-0.88,0.21,13006.1,0,tek9.mp3,data
2025-01-16 14:14:18.147481,-0.88,0.20,13006.1,0,tek9.mp3,data
2025-01-16 14:14:18.247451,-0.88,0.20,13006.1,0,tek9.mp3,data
2025-01-16 14:14:18.357219,-0.83,0.21,13006.1,0,tek9.mp3,data
2025-01-16 14:14:18.453744,-0.83,0.20,13006.1,0,tek9.mp3,data
2025-01-16 14:14:18.555550,-0.88,0.20,13006.1,0,tek9.mp3,data
2025-01-16 14:14:18.655632,-0.83,0.21,13006.1,0,tek9.mp3,data
2025-01-16 14:14:18.755863,-0.83,0.20,13006.1,0,tek9.mp3,data
2025-01-16 14:14:18.856392,-0.83,0.21,13006.1,0,tek9.mp3,data
2025-01-16 14:14:18.952909,-0.88,0.21,13006.1,0,tek9.mp3,data
2025-01-16 14:14:19.053382,-0.83,0.20,13006.1,0,tek9.mp3,data
2025-01-16 14:14:19.147888,-0.83,0.21,13006.1,0,tek9.mp3,data
2025-01-16 14:14:19.258538,-0.83,0.21,13006.1,0,tek9.mp3,data
2025-01-16 14:14:19.353739,-0.83,0.20,13006.1,0,tek9.mp3,data
2025-01-16 14:14:19.455419,-0.83,0.21,13006.1,0,tek9.mp3,data
2025-01-16 14:14:19.551685,-0.78,0.22,13006.1,0,tek9.mp3,data
2025-01-16 14:14:19.658540,-0.83,0.20,13006.1,0,tek9.mp3,data
2025-01-16 14:14:19.747711,-0.88,0.22,13006.1,0,tek9.mp3,data
2025-01-16 14:14:19.854432,-0.83,0.22,13006.1,0,tek9.mp3,data
2025-01-16 14:14:19.957579,-0.83,0.21,13006.1,0,tek9.mp3,data
2025-01-16 14:14:20.056525,-0.83,0.22,13006.1,0,tek9.mp3,data
2025-01-16 14:14:20.148064,-0.83,0.22,13006.1,0,tek9.mp3,data
2025-01-16 14:14:20.246776,-0.83,0.21,13006.1,0,tek9.mp3,data
2025-01-16 14:14:20.351631,-0.83,0.22,13006.1,0,tek9.mp3,data
2025-01-16 14:14:20.448298,-0.88,0.22,13006.1,0,tek9.mp3,data
2025-01-16 14:14:20.559163,-0.78,0.21,13006.1,0,tek9.mp3,data
2025-01-16 14:14:20.648945,-0.88,0.22,13006.1,0,tek9.mp3,data
2025-01-16 14:14:20.753139,-0.83,0.22,13006.1,0,tek9.mp3,data
2025-01-16 14:14:20.849947,-0.83,0.21,13006.1,0,tek9.mp3,data
2025-01-16 14:14:20.947547,-0.94,0.22,13006.1,0,tek9.mp3,data
2025-01-16 14:14:21.055466,-0.83,0.22,13006.1,0,tek9.mp3,data
2025-01-16 14:14:21.155716,-0.83,0.22,13006.1,0,tek9.mp3,data
2025-01-16 14:14:21.250013,-0.83,0.23,13006.1,0,tek9.mp3,data
2025-01-16 14:14:21.350220,-0.83,0.22,13006.1,0,tek9.mp3,data
2025-01-16 14:14:21.450902,-0.83,0.22,13006.1,0,tek9.mp3,data
2025-01-16 14:14:21.559782,-0.83,0.23,13006.1,0,tek9.mp3,data
2025-01-16 14:14:21.647682,-0.83,0.22,13006.1,0,tek9.mp3,data
2025-01-16 14:14:21.758511,-0.83,0.22,13006.1,0,tek9.mp3,data
2025-01-16 14:14:21.855998,-0.83,0.23,13006.1,0,tek9.mp3,data
2025-01-16 14:14:21.955957,-0.83,0.22,13006.1,0,tek9.mp3,data
2025-01-16 14:14:22.056006,-0.83,0.22,13006.1,0,tek9.mp3,data
2025-01-16 14:14:22.155929,-0.83,0.23,13006.1,0,tek9.mp3,data
2025-01-16 14:14:22.256462,-0.78,0.22,13006.1,0,tek9.mp3,data
2025-01-16 14:14:22.353700,-0.94,0.23,13006.1,0,tek9.mp3,data
2025-01-16 14:14:22.454266,-0.88,0.23,13006.1,0,tek9.mp3,data
2025-01-16 14:14:22.550175,-0.78,0.22,13006.1,0,tek9.mp3,data
2025-01-16 14:14:22.650654,-0.78,0.23,13006.1,0,tek9.mp3,data
2025-01-16 14:14:22.750371,-0.83,0.23,13006.1,0,tek9.mp3,data
2025-01-16 14:14:22.855665,-0.83,0.22,13006.1,0,tek9.mp3,data
2025-01-16 14:14:22.954713,-0.88,0.23,13006.1,0,tek9.mp3,data
2025-01-16 14:14:23.055341,-0.83,0.23,13006.1,0,tek9.mp3,data
2025-01-16 14:14:23.150195,-0.88,0.22,13006.1,0,tek9.mp3,data
2025-01-16 14:14:23.250395,-0.83,0.23,13006.1,0,tek9.mp3,data
2025-01-16 14:14:23.350805,-0.83,0.23,13006.1,0,tek9.mp3,data
2025-01-16 14:14:23.447763,-0.83,0.22,13006.1,0,tek9.mp3,data
2025-01-16 14:14:23.553177,-0.83,0.23,13006.1,0,tek9.mp3,data
2025-01-16 14:14:23.654578,-0.88,0.23,13006.1,0,tek9.mp3,data
2025-01-16 14:14:23.757173,-0.83,0.22,13006.1,0,tek9.mp3,data
2025-01-16 14:14:23.857040,-0.83,0.24,13006.1,0,tek9.mp3,data
2025-01-16 14:14:23.957224,-0.83,0.23,13006.1,0,tek9.mp3,data
2025-01-16 14:14:24.060200,-0.83,0.23,13006.1,0,tek9.mp3,data
2025-01-16 14:14:24.149343,-0.88,0.24,13006.1,0,tek9.mp3,data
2025-01-16 14:14:24.252203,-0.83,0.23,13006.1,0,tek9.mp3,data
2025-01-16 14:14:24.351295,-0.83,0.23,13006.1,0,tek9.mp3,data
2025-01-16 14:14:24.460305,-0.83,0.24,13006.1,0,tek9.mp3,data
2025-01-16 14:14:24.555759,-0.88,0.23,13006.1,0,tek9.mp3,data
2025-01-16 14:14:24.654626,-0.83,0.23,13006.1,0,tek9.mp3,data
2025-01-16 14:14:24.754159,-0.88,0.24,13006.1,0,tek9.mp3,data
2025-01-16 14:14:24.853453,-0.83,0.23,13006.1,0,tek9.mp3,data
2025-01-16 14:14:24.956695,-0.88,0.23,13006.1,0,tek9.mp3,data
2025-01-16 14:14:25.052042,-0.83,0.24,13006.1,0,tek9.mp3,data
2025-01-16 14:14:25.116414,0.00,0.00,13006.1,0,tek9.mp3,hooray_started
2025-01-16 14:14:25.149632,-0.83,0.23,13006.1,0,tek9.mp3,data
2025-01-16 14:14:25.251207,-0.83,0.23,13006.1,0,tek9.mp3,data
2025-01-16 14:14:25.348716,-0.83,0.24,13006.1,0,tek9.mp3,data
2025-01-16 14:14:25.453626,-0.88,0.23,13006.1,0,tek9.mp3,data
2025-01-16 14:14:25.554523,-0.83,0.24,13006.1,0,tek9.mp3,data
2025-01-16 14:14:25.655689,-0.83,0.24,13006.1,0,tek9.mp3,data
2025-01-16 14:14:25.751195,-0.83,0.23,13006.1,0,tek9.mp3,data
2025-01-16 14:14:25.854539,-0.83,0.24,13006.1,0,tek9.mp3,data
2025-01-16 14:14:25.949281,-0.83,0.24,13006.1,0,tek9.mp3,data
2025-01-16 14:14:26.050491,-0.83,0.23,13006.1,0,tek9.mp3,data
2025-01-16 14:14:26.148660,-0.83,0.24,13006.1,0,tek9.mp3,data
2025-01-16 14:14:26.253702,-0.88,0.24,13006.1,0,tek9.mp3,data
2025-01-16 14:14:26.357835,-0.83,0.23,13006.1,0,tek9.mp3,data
2025-01-16 14:14:26.459303,-0.83,0.24,13006.1,0,tek9.mp3,data
2025-01-16 14:14:26.559398,-0.83,0.24,13006.1,0,tek9.mp3,data
2025-01-16 14:14:26.659680,-0.83,0.23,13006.1,0,tek9.mp3,data
2025-01-16 14:14:26.759994,-0.83,0.24,13006.1,0,tek9.mp3,data
2025-01-16 14:14:26.860290,-0.83,0.24,13006.1,0,tek9.mp3,data
2025-01-16 14:14:26.959045,-0.83,0.23,13006.1,0,tek9.mp3,data
2025-01-16 14:14:27.060738,-0.78,0.24,13006.1,0,tek9.mp3,data
2025-01-16 14:14:27.156329,-0.88,0.24,13006.1,0,tek9.mp3,data
2025-01-16 14:14:27.256101,-0.83,0.23,13006.1,0,tek9.mp3,data
2025-01-16 14:14:27.352473,-0.83,0.25,13006.1,0,tek9.mp3,data
2025-01-16 14:14:27.450708,-0.83,0.24,13006.1,0,tek9.mp3,data
2025-01-16 14:14:27.549149,-0.83,0.24,13006.1,0,tek9.mp3,data
2025-01-16 14:14:27.649635,-0.78,0.25,13006.1,0,tek9.mp3,data
2025-01-16 14:14:27.749521,-0.88,0.24,13006.1,0,tek9.mp3,data
2025-01-16 14:14:27.850250,-0.88,0.24,13006.1,0,tek9.mp3,data
2025-01-16 14:14:27.952539,-0.83,0.25,13006.1,0,tek9.mp3,data
2025-01-16 14:14:28.052678,-0.83,0.23,13006.1,0,tek9.mp3,data
2025-01-16 14:14:28.152620,-0.88,0.24,13006.1,0,tek9.mp3,data
2025-01-16 14:14:28.255426,-0.83,0.25,13006.1,0,tek9.mp3,data
2025-01-16 14:14:28.356646,-0.83,0.24,13006.1,0,tek9.mp3,data
2025-01-16 14:14:28.456923,-0.88,0.24,13006.1,0,tek9.mp3,data
2025-01-16 14:14:28.556827,-0.83,0.25,13006.1,0,tek9.mp3,data
2025-01-16 14:14:28.656626,-0.83,0.23,13006.1,0,tek9.mp3,data
2025-01-16 14:14:28.749415,-0.83,0.25,13006.1,0,tek9.mp3,data
2025-01-16 14:14:28.850558,-0.88,0.25,13006.1,0,tek9.mp3,data
2025-01-16 14:14:28.961236,-0.83,0.23,13006.1,0,tek9.mp3,data
2025-01-16 14:14:29.060729,-0.83,0.24,13006.1,0,tek9.mp3,data
2025-01-16 14:14:29.156407,-0.83,0.25,13006.1,0,tek9.mp3,data
2025-01-16 14:14:29.254734,-0.83,0.23,13006.1,0,tek9.mp3,data
2025-01-16 14:14:29.356526,-0.83,0.25,13006.1,0,tek9.mp3,data
2025-01-16 14:14:29.456772,-0.78,0.25,13006.1,0,tek9.mp3,data
2025-01-16 14:14:29.557641,-0.83,0.24,13006.1,0,tek9.mp3,data
2025-01-16 14:14:29.656444,-0.88,0.25,13006.1,0,tek9.mp3,data
2025-01-16 14:14:29.754129,-0.83,0.25,13006.1,0,tek9.mp3,data
2025-01-16 14:14:29.850297,-0.83,0.24,13006.1,0,tek9.mp3,data
2025-01-16 14:14:29.950104,-0.83,0.25,13006.1,0,tek9.mp3,data
2025-01-16 14:14:30.060509,-0.83,0.25,13006.1,0,tek9.mp3,data
2025-01-16 14:14:30.160283,-0.83,0.24,13006.1,0,tek9.mp3,data
2025-01-16 14:14:30.261306,-0.88,0.24,13006.1,0,tek9.mp3,data
2025-01-16 14:14:30.362972,-0.83,0.24,13006.1,0,tek9.mp3,data
2025-01-16 14:14:30.461632,-0.83,0.24,13006.1,0,tek9.mp3,data
2025-01-16 14:14:30.553003,-0.88,0.24,13006.1,0,tek9.mp3,data
2025-01-16 14:14:30.654250,-0.83,0.24,13006.1,0,tek9.mp3,data
2025-01-16 14:14:30.754050,-0.83,0.24,13006.1,0,tek9.mp3,data
2025-01-16 14:14:30.850266,-0.83,0.24,13006.1,0,tek9.mp3,data
2025-01-16 14:14:30.951641,-0.88,0.24,13006.1,0,tek9.mp3,data
2025-01-16 14:14:31.055502,-0.83,0.24,13006.1,0,tek9.mp3,data
2025-01-16 14:14:31.155668,-0.83,0.24,13006.1,0,tek9.mp3,data
2025-01-16 14:14:31.254603,-0.83,0.24,13006.1,0,tek9.mp3,data
2025-01-16 14:14:31.358220,-0.83,0.24,13006.1,0,tek9.mp3,data
2025-01-16 14:14:31.458335,-0.83,0.24,13006.1,0,tek9.mp3,data
2025-01-16 14:14:31.561406,-0.83,0.24,13006.1,0,tek9.mp3,data
2025-01-16 14:14:31.651289,-0.83,0.24,13006.1,0,tek9.mp3,data
2025-01-16 14:14:31.758736,-0.83,0.24,13006.1,0,tek9.mp3,data
2025-01-16 14:14:31.855156,-0.78,0.24,13006.1,0,tek9.mp3,data
2025-01-16 14:14:31.953491,-0.83,0.24,13006.1,0,tek9.mp3,data
2025-01-16 14:14:32.054837,-0.83,0.24,13006.1,0,tek9.mp3,data
2025-01-16 14:14:32.159605,-0.83,0.24,13006.1,0,tek9.mp3,data
2025-01-16 14:14:32.252155,-0.88,0.24,13006.1,0,tek9.mp3,data
2025-01-16 14:14:32.354833,-0.78,0.24,13006.1,0,tek9.mp3,data
2025-01-16 14:14:32.460733,-0.83,0.24,13006.1,0,tek9.mp3,data
2025-01-16 14:14:32.558433,-0.83,0.24,13006.1,0,tek9.mp3,data
2025-01-16 14:14:32.659313,-0.83,0.24,13006.1,0,tek9.mp3,data
2025-01-16 14:14:32.761179,-0.88,0.24,13006.1,0,tek9.mp3,data
2025-01-16 14:14:32.860001,-0.78,0.24,13006.1,0,tek9.mp3,data
2025-01-16 14:14:32.955865,-0.83,0.24,13006.1,0,tek9.mp3,data
2025-01-16 14:14:33.057364,-0.83,0.24,13006.1,0,tek9.mp3,data
2025-01-16 14:14:33.156591,-0.83,0.24,13006.1,0,tek9.mp3,data
2025-01-16 14:14:33.254566,-0.83,0.24,13006.1,0,tek9.mp3,data
2025-01-16 14:14:33.354479,-0.88,0.24,13006.1,0,tek9.mp3,data
2025-01-16 14:14:33.457616,-0.83,0.24,13006.1,0,tek9.mp3,data
2025-01-16 14:14:33.558747,-0.83,0.24,13006.1,0,tek9.mp3,data
2025-01-16 14:14:33.661165,-0.78,0.24,13006.1,0,tek9.mp3,data
2025-01-16 14:14:33.759041,-0.83,0.24,13006.1,0,tek9.mp3,data
2025-01-16 14:14:33.852626,-0.83,0.24,13006.1,0,tek9.mp3,data
2025-01-16 14:14:33.951393,-0.83,0.24,13006.1,0,tek9.mp3,data
2025-01-16 14:14:34.058374,-0.88,0.24,13006.1,0,tek9.mp3,data
2025-01-16 14:14:34.158445,-0.83,0.24,13006.1,0,tek9.mp3,data
2025-01-16 14:14:34.261533,-0.83,0.24,13006.1,0,tek9.mp3,data
2025-01-16 14:14:34.361972,-0.83,0.24,13006.1,0,tek9.mp3,data
2025-01-16 14:14:34.464602,-0.83,0.24,13006.1,0,tek9.mp3,data
2025-01-16 14:14:34.555860,-0.88,0.24,13006.1,0,tek9.mp3,data
2025-01-16 14:14:34.655245,-0.88,0.24,13006.1,0,tek9.mp3,data
2025-01-16 14:14:34.752571,-0.88,0.24,13006.1,0,tek9.mp3,data
2025-01-16 14:14:34.852552,-0.83,0.24,13006.1,0,tek9.mp3,data
2025-01-16 14:14:34.964162,-0.83,0.24,13006.1,0,tek9.mp3,data
2025-01-16 14:14:35.059625,-0.83,0.24,13006.1,0,tek9.mp3,data
2025-01-16 14:14:35.158121,-0.88,0.00,13006.1,0,tek9.mp3,data
2025-01-16 14:14:35.257747,-0.83,0.24,13006.1,0,tek9.mp3,data
2025-01-16 14:14:35.364947,-0.88,0.25,13006.1,0,tek9.mp3,data
2025-01-16 14:14:35.451259,-0.83,0.24,13006.1,0,tek9.mp3,data
2025-01-16 14:14:35.561065,-0.88,0.24,13006.1,0,tek9.mp3,data
2025-01-16 14:14:35.659818,-0.88,0.25,13006.1,0,tek9.mp3,data
2025-01-16 14:14:35.757489,-0.83,0.24,13006.1,0,tek9.mp3,data
2025-01-16 14:14:35.859361,-0.83,0.24,13006.1,0,tek9.mp3,data
2025-01-16 14:14:35.957322,-0.83,0.25,13006.1,0,tek9.mp3,data
2025-01-16 14:14:36.054635,-0.88,0.24,13006.1,0,tek9.mp3,data
2025-01-16 14:14:36.151494,-0.83,0.25,13006.1,0,tek9.mp3,data
2025-01-16 14:14:36.264955,-0.78,0.24,13006.1,0,tek9.mp3,data
2025-01-16 14:14:36.366008,-0.83,0.24,13006.1,0,tek9.mp3,data
2025-01-16 14:14:36.454025,-0.88,0.25,13006.1,0,tek9.mp3,data
2025-01-16 14:14:36.570956,-0.83,0.24,13006.1,0,tek9.mp3,data
2025-01-16 14:14:36.663343,-0.83,0.24,13006.1,0,tek9.mp3,data
2025-01-16 14:14:36.761518,-0.83,0.25,13006.1,0,tek9.mp3,data
2025-01-16 14:14:36.862335,-0.78,0.25,13006.1,0,tek9.mp3,data
2025-01-16 14:14:36.950322,-0.83,0.24,13006.1,0,tek9.mp3,data
2025-01-16 14:14:37.062421,-0.83,0.25,13006.1,0,tek9.mp3,data
2025-01-16 14:14:37.162609,-0.83,0.24,13006.1,0,tek9.mp3,data
2025-01-16 14:14:37.260863,-0.83,0.24,13006.1,0,tek9.mp3,data
2025-01-16 14:14:37.356270,-0.88,0.25,13006.1,0,tek9.mp3,data
2025-01-16 14:14:37.473819,-0.78,0.24,13006.1,0,tek9.mp3,data
2025-01-16 14:14:37.561099,-0.83,0.24,13006.1,0,tek9.mp3,data
2025-01-16 14:14:37.657924,-0.78,0.25,13006.1,0,tek9.mp3,data
2025-01-16 14:14:37.751726,-0.83,0.25,13006.1,0,tek9.mp3,data
2025-01-16 14:14:37.860018,-0.83,0.24,13006.1,0,tek9.mp3,data
2025-01-16 14:14:37.963166,-0.78,0.25,13006.1,0,tek9.mp3,data
2025-01-16 14:14:38.060067,-0.78,0.24,13006.1,0,tek9.mp3,data
2025-01-16 14:14:38.155721,-0.83,0.24,13006.1,0,tek9.mp3,data
2025-01-16 14:14:38.254607,-0.88,0.25,13006.1,0,tek9.mp3,data
2025-01-16 14:14:38.362817,-0.83,0.24,13006.1,0,tek9.mp3,data
2025-01-16 14:14:38.460992,-0.83,0.25,13006.1,0,tek9.mp3,data
2025-01-16 14:14:38.560768,-0.83,0.25,13006.1,0,tek9.mp3,data
2025-01-16 14:14:38.656050,-0.83,0.24,13006.1,0,tek9.mp3,data
2025-01-16 14:14:38.755175,-0.83,0.25,13006.1,0,tek9.mp3,data
2025-01-16 14:14:38.854004,-0.78,0.25,13006.1,0,tek9.mp3,data
2025-01-16 14:14:38.952839,-0.83,0.24,13006.1,0,tek9.mp3,data
2025-01-16 14:14:39.051385,-0.83,0.25,13006.1,0,tek9.mp3,data
2025-01-16 14:14:39.161980,-0.83,0.25,13006.1,0,tek9.mp3,data
2025-01-16 14:14:39.259248,-0.88,0.24,13006.1,0,tek9.mp3,data
2025-01-16 14:14:39.357752,-0.88,0.25,13006.1,0,tek9.mp3,data
2025-01-16 14:14:39.458037,-0.88,0.25,13006.1,0,tek9.mp3,data
2025-01-16 14:14:39.558899,-0.83,0.24,13006.1,0,tek9.mp3,data
2025-01-16 14:14:39.655873,-0.83,0.25,13006.1,0,tek9.mp3,data
2025-01-16 14:14:39.756708,-0.83,0.25,13006.1,0,tek9.mp3,data
2025-01-16 14:14:39.855100,-0.94,0.24,13006.1,0,tek9.mp3,data
2025-01-16 14:14:39.958330,-0.83,0.25,13006.1,0,tek9.mp3,data
2025-01-16 14:14:40.053770,-0.83,0.25,13006.1,0,tek9.mp3,data
2025-01-16 14:14:40.153361,-0.88,0.24,13006.1,0,tek9.mp3,data
2025-01-16 14:14:40.209485,0.00,0.00,13006.1,1,tek9.mp3,hooray_complete
2025-01-16 14:14:40.253010,-0.83,0.25,13006.1,1,tek9.mp3,data
2025-01-16 14:14:40.360698,-0.83,0.25,13006.1,1,tek9.mp3,data
2025-01-16 14:14:40.455002,-0.83,0.24,13006.1,1,tek9.mp3,data
2025-01-16 14:14:40.554769,-0.88,0.25,13006.1,1,tek9.mp3,data
2025-01-16 14:14:40.661122,-0.83,0.25,13006.1,1,tek9.mp3,data
2025-01-16 14:14:40.761149,-0.88,0.24,13006.1,1,tek9.mp3,data
2025-01-16 14:14:40.854071,-0.83,0.26,13006.1,1,tek9.mp3,data
2025-01-16 14:14:40.954607,-0.83,0.25,13006.1,1,tek9.mp3,data
2025-01-16 14:14:41.052080,-0.78,0.24,13006.1,1,tek9.mp3,data
2025-01-16 14:14:41.154275,-0.88,0.26,13006.1,1,tek9.mp3,data
2025-01-16 14:14:41.254108,-0.83,0.25,13006.1,1,tek9.mp3,data
2025-01-16 14:14:41.356985,-0.83,0.24,13006.1,1,tek9.mp3,data
2025-01-16 14:14:41.462951,-0.88,0.25,13006.1,1,tek9.mp3,data
2025-01-16 14:14:41.562959,-0.78,0.24,13006.1,1,tek9.mp3,data
2025-01-16 14:14:41.661456,-0.83,0.24,13006.1,1,tek9.mp3,data
2025-01-16 14:14:41.754462,-0.83,0.26,13006.1,1,tek9.mp3,data
2025-01-16 14:14:41.854208,-0.83,0.24,13006.1,1,tek9.mp3,data
2025-01-16 14:14:41.963638,-0.83,0.25,13006.1,1,tek9.mp3,data
2025-01-16 14:14:42.062032,-0.83,0.26,13006.1,1,tek9.mp3,data
2025-01-16 14:14:42.165635,-0.83,0.24,13006.1,1,tek9.mp3,data
2025-01-16 14:14:42.262628,-0.88,0.26,13006.1,1,tek9.mp3,data
2025-01-16 14:14:42.361783,-0.78,0.25,13006.1,1,tek9.mp3,data
2025-01-16 14:14:42.462952,-0.83,0.24,13006.1,1,tek9.mp3,data
2025-01-16 14:14:42.565894,-0.83,0.26,13006.1,1,tek9.mp3,data
2025-01-16 14:14:42.652798,-0.83,0.25,13006.1,1,tek9.mp3,data
2025-01-16 14:14:42.756220,-0.83,0.24,13006.1,1,tek9.mp3,data
2025-01-16 14:14:42.856058,-0.83,0.25,13006.1,1,tek9.mp3,data
2025-01-16 14:14:42.953779,-0.78,0.25,13006.1,1,tek9.mp3,data
2025-01-16 14:14:43.065174,-0.83,0.24,13006.1,1,tek9.mp3,data
2025-01-16 14:14:43.151871,-0.83,0.25,13006.1,1,tek9.mp3,data
2025-01-16 14:14:43.252872,-0.78,0.25,13006.1,1,tek9.mp3,data
2025-01-16 14:14:44.351298,-0.83,0.00,13006.1,1,JV Butterfly.mp3,data
2025-01-16 14:14:44.351410,-0.83,0.00,13006.1,1,JV Butterfly.mp3,data
2025-01-16 14:14:44.351444,-0.78,0.00,13006.1,1,JV Butterfly.mp3,data
2025-01-16 14:14:44.351464,-0.83,0.00,13006.1,1,JV Butterfly.mp3,data
2025-01-16 14:14:44.351483,-0.83,0.00,13006.1,1,JV Butterfly.mp3,data
2025-01-16 14:14:44.351500,-0.83,0.00,13006.1,1,JV Butterfly.mp3,data
2025-01-16 14:14:44.351516,-0.83,0.00,13006.1,1,JV Butterfly.mp3,data
2025-01-16 14:14:44.351534,-0.83,0.00,13006.1,1,JV Butterfly.mp3,data
2025-01-16 14:14:44.351550,-0.83,0.00,13006.1,1,JV Butterfly.mp3,data
2025-01-16 14:14:44.351565,-0.83,0.00,13006.1,1,JV Butterfly.mp3,data
2025-01-16 14:14:44.360442,-0.83,0.00,13006.1,1,JV Butterfly.mp3,data
2025-01-16 14:14:44.458636,-0.78,0.09,602.9,1,JV Butterfly.mp3,data
2025-01-16 14:14:44.554954,-0.83,0.10,602.9,1,JV Butterfly.mp3,data
2025-01-16 14:14:44.655396,-0.83,0.09,602.9,1,JV Butterfly.mp3,data
2025-01-16 14:14:44.762185,-0.83,0.10,602.9,1,JV Butterfly.mp3,data
2025-01-16 14:14:44.860611,-0.83,0.10,602.9,1,JV Butterfly.mp3,data
2025-01-16 14:14:44.959021,-0.83,0.10,602.9,1,JV Butterfly.mp3,data
2025-01-16 14:14:45.053135,-0.83,0.10,602.9,1,JV Butterfly.mp3,data
2025-01-16 14:14:45.154974,-0.83,0.10,602.9,1,JV Butterfly.mp3,data
2025-01-16 14:14:45.260022,-0.88,0.09,602.9,1,JV Butterfly.mp3,data
2025-01-16 14:14:45.366268,-0.88,0.10,602.9,1,JV Butterfly.mp3,data
2025-01-16 14:14:45.459125,-0.83,0.10,602.9,1,JV Butterfly.mp3,data
2025-01-16 14:14:45.562681,-0.83,0.10,602.9,1,JV Butterfly.mp3,data
2025-01-16 14:14:45.663050,-0.83,0.10,602.9,1,JV Butterfly.mp3,data
2025-01-16 14:14:45.758766,-0.83,0.10,602.9,1,JV Butterfly.mp3,data
2025-01-16 14:14:45.854698,-0.83,0.10,602.9,1,JV Butterfly.mp3,data
2025-01-16 14:14:45.953598,-0.83,0.10,602.9,1,JV Butterfly.mp3,data
2025-01-16 14:14:46.055730,-0.83,0.10,602.9,1,JV Butterfly.mp3,data
2025-01-16 14:14:46.160662,-0.83,0.10,602.9,1,JV Butterfly.mp3,data
2025-01-16 14:14:46.265007,-0.78,0.10,602.9,1,JV Butterfly.mp3,data
2025-01-16 14:14:46.364640,-0.78,0.10,602.9,1,JV Butterfly.mp3,data
2025-01-16 14:14:46.462112,-0.83,0.10,602.9,1,JV Butterfly.mp3,data
2025-01-16 14:14:46.564303,-0.88,0.10,602.9,1,JV Butterfly.mp3,data
2025-01-16 14:14:46.665677,-0.83,0.10,602.9,1,JV Butterfly.mp3,data
2025-01-16 14:14:46.753858,-0.83,0.10,602.9,1,JV Butterfly.mp3,data
2025-01-16 14:14:46.855507,-0.78,0.10,602.9,1,JV Butterfly.mp3,data
2025-01-16 14:14:46.953271,-0.83,0.10,602.9,1,JV Butterfly.mp3,data
2025-01-16 14:14:47.063826,-0.83,0.10,602.9,1,JV Butterfly.mp3,data
2025-01-16 14:14:47.162581,-0.88,0.10,602.9,1,JV Butterfly.mp3,data
2025-01-16 14:14:47.258167,-0.83,0.10,602.9,1,JV Butterfly.mp3,data
2025-01-16 14:14:47.356833,-0.88,0.10,602.9,1,JV Butterfly.mp3,data
2025-01-16 14:14:47.461668,-0.83,0.10,602.9,1,JV Butterfly.mp3,data
2025-01-16 14:14:47.564202,-0.83,0.10,602.9,1,JV Butterfly.mp3,data
2025-01-16 14:14:47.659203,-0.83,0.10,602.9,1,JV Butterfly.mp3,data
2025-01-16 14:14:47.758068,-0.83,0.10,602.9,1,JV Butterfly.mp3,data
2025-01-16 14:14:47.857550,-0.88,0.10,602.9,1,JV Butterfly.mp3,data
2025-01-16 14:14:47.956156,-0.83,0.10,602.9,1,JV Butterfly.mp3,data
2025-01-16 14:14:48.056527,-0.83,0.10,602.9,1,JV Butterfly.mp3,data
2025-01-16 14:14:48.164718,-0.83,0.10,602.9,1,JV Butterfly.mp3,data
2025-01-16 14:14:48.265643,-0.83,0.10,602.9,1,JV Butterfly.mp3,data
2025-01-16 14:14:48.353371,-0.88,0.10,602.9,1,JV Butterfly.mp3,data
2025-01-16 14:14:48.458574,-0.83,0.10,602.9,1,JV Butterfly.mp3,data
2025-01-16 14:14:48.557898,-0.83,0.10,602.9,1,JV Butterfly.mp3,data
2025-01-16 14:14:48.658123,-0.78,0.10,602.9,1,JV Butterfly.mp3,data
2025-01-16 14:14:48.757635,-0.88,0.10,602.9,1,JV Butterfly.mp3,data
2025-01-16 14:14:48.858432,-0.88,0.10,602.9,1,JV Butterfly.mp3,data
2025-01-16 14:14:48.954905,-0.78,0.10,602.9,1,JV Butterfly.mp3,data
2025-01-16 14:14:49.055318,-0.83,0.10,602.9,1,JV Butterfly.mp3,data
2025-01-16 14:14:49.153444,-0.83,0.10,602.9,1,JV Butterfly.mp3,data
2025-01-16 14:14:49.261332,-0.83,0.10,602.9,1,JV Butterfly.mp3,data
2025-01-16 14:14:49.354557,-0.83,0.10,602.9,1,JV Butterfly.mp3,data
2025-01-16 14:14:49.453410,-0.83,0.10,602.9,1,JV Butterfly.mp3,data
2025-01-16 14:14:49.554864,-0.83,0.10,602.9,1,JV Butterfly.mp3,data
2025-01-16 14:14:49.658143,-0.83,0.10,602.9,1,JV Butterfly.mp3,data
2025-01-16 14:14:49.759104,-0.78,0.10,602.9,1,JV Butterfly.mp3,data
2025-01-16 14:14:49.855031,-0.83,0.10,602.9,1,JV Butterfly.mp3,data
2025-01-16 14:14:49.964708,-0.83,0.10,602.9,1,JV Butterfly.mp3,data
2025-01-16 14:14:50.067239,-0.78,0.10,602.9,1,JV Butterfly.mp3,data
2025-01-16 14:14:50.153505,-0.83,0.10,602.9,1,JV Butterfly.mp3,data
2025-01-16 14:14:50.255954,-0.88,0.10,602.9,1,JV Butterfly.mp3,data
2025-01-16 14:14:50.359383,-0.83,0.10,602.9,1,JV Butterfly.mp3,data
2025-01-16 14:14:50.460042,-0.83,0.10,602.9,1,JV Butterfly.mp3,data
2025-01-16 14:14:50.558361,-0.83,0.10,602.9,1,JV Butterfly.mp3,data
2025-01-16 14:14:50.658111,-0.83,0.10,602.9,1,JV Butterfly.mp3,data
2025-01-16 14:14:50.760197,-0.83,0.10,602.9,1,JV Butterfly.mp3,data
2025-01-16 14:14:50.853357,-0.83,0.10,602.9,1,JV Butterfly.mp3,data
2025-01-16 14:14:50.959365,-0.83,0.10,602.9,1,JV Butterfly.mp3,data
2025-01-16 14:14:51.059262,-0.88,0.10,602.9,1,JV Butterfly.mp3,data
2025-01-16 14:14:51.158315,-0.83,0.10,602.9,1,JV Butterfly.mp3,data
2025-01-16 14:14:51.261479,-0.88,0.10,602.9,1,JV Butterfly.mp3,data
2025-01-16 14:14:51.356516,-0.88,0.10,602.9,1,JV Butterfly.mp3,data
2025-01-16 14:14:51.465523,-0.78,0.10,602.9,1,JV Butterfly.mp3,data
2025-01-16 14:14:51.553814,-0.88,0.10,602.9,1,JV Butterfly.mp3,data
2025-01-16 14:14:51.653498,-0.88,0.10,602.9,1,JV Butterfly.mp3,data
2025-01-16 14:14:51.753984,-0.88,0.10,602.9,1,JV Butterfly.mp3,data
2025-01-16 14:14:51.865465,-0.78,0.10,602.9,1,JV Butterfly.mp3,data
2025-01-16 14:14:51.956500,-0.83,0.10,602.9,1,JV Butterfly.mp3,data
2025-01-16 14:14:52.065651,-0.83,0.10,602.9,1,JV Butterfly.mp3,data
2025-01-16 14:14:52.166347,-0.83,0.10,602.9,1,JV Butterfly.mp3,data
2025-01-16 14:14:52.266377,-0.78,0.10,602.9,1,JV Butterfly.mp3,data
2025-01-16 14:14:52.366672,-0.78,0.10,602.9,1,JV Butterfly.mp3,data
2025-01-16 14:14:52.465893,-0.78,0.10,602.9,1,JV Butterfly.mp3,data
2025-01-16 14:14:52.566650,-0.83,0.10,602.9,1,JV Butterfly.mp3,data
2025-01-16 14:14:52.666568,-0.83,0.10,602.9,1,JV Butterfly.mp3,data
2025-01-16 14:14:52.758862,-0.83,0.10,602.9,1,JV Butterfly.mp3,data
2025-01-16 14:14:52.857871,-0.88,0.10,602.9,1,JV Butterfly.mp3,data
2025-01-16 14:14:52.965934,-0.83,0.10,602.9,1,JV Butterfly.mp3,data
2025-01-16 14:14:53.066150,-0.83,0.10,602.9,1,JV Butterfly.mp3,data
2025-01-16 14:14:53.154653,-0.83,0.10,602.9,1,JV Butterfly.mp3,data
2025-01-16 14:14:53.264397,-0.83,0.10,602.9,1,JV Butterfly.mp3,data
2025-01-16 14:14:53.360913,-0.88,0.10,602.9,1,JV Butterfly.mp3,data
2025-01-16 14:14:53.458924,-0.83,0.10,602.9,1,JV Butterfly.mp3,data
2025-01-16 14:14:53.553506,-0.83,0.10,602.9,1,JV Butterfly.mp3,data
2025-01-16 14:14:53.662423,-0.88,0.10,602.9,1,JV Butterfly.mp3,data
2025-01-16 14:14:53.761746,-0.83,0.10,602.9,1,JV Butterfly.mp3,data
2025-01-16 14:14:53.855108,-0.88,0.10,602.9,1,JV Butterfly.mp3,data
2025-01-16 14:14:53.966601,-0.83,0.10,602.9,1,JV Butterfly.mp3,data
2025-01-16 14:14:54.055693,-0.88,0.10,602.9,1,JV Butterfly.mp3,data
2025-01-16 14:14:54.161258,-0.83,0.10,602.9,1,JV Butterfly.mp3,data
2025-01-16 14:14:54.258408,-0.83,0.10,602.9,1,JV Butterfly.mp3,data
2025-01-16 14:14:54.363989,-0.88,0.10,602.9,1,JV Butterfly.mp3,data
2025-01-16 14:14:54.466516,-0.83,0.10,602.9,1,JV Butterfly.mp3,data
2025-01-16 14:14:54.557146,-0.88,0.10,602.9,1,JV Butterfly.mp3,data
2025-01-16 14:14:54.663741,-0.88,0.10,602.9,1,JV Butterfly.mp3,data
2025-01-16 14:14:54.762964,-0.83,0.10,602.9,1,JV Butterfly.mp3,data
2025-01-16 14:14:54.862013,-0.83,0.10,602.9,1,JV Butterfly.mp3,data
2025-01-16 14:14:54.959870,-0.83,0.10,602.9,1,JV Butterfly.mp3,data
2025-01-16 14:14:55.063164,-0.78,0.10,602.9,1,JV Butterfly.mp3,data
2025-01-16 14:14:55.163921,-0.83,0.10,602.9,1,JV Butterfly.mp3,data
2025-01-16 14:14:55.265699,-0.78,0.10,602.9,1,JV Butterfly.mp3,data
2025-01-16 14:14:55.359905,-0.83,0.10,602.9,1,JV Butterfly.mp3,data
2025-01-16 14:14:55.463729,-0.78,0.10,602.9,1,JV Butterfly.mp3,data
2025-01-16 14:14:55.563026,-0.83,0.10,602.9,1,JV Butterfly.mp3,data
2025-01-16 14:14:55.665223,-0.83,0.10,602.9,1,JV Butterfly.mp3,data
2025-01-16 14:14:55.763943,-0.83,0.10,602.9,1,JV Butterfly.mp3,data
2025-01-16 14:14:55.871069,-0.88,0.10,602.9,1,JV Butterfly.mp3,data
2025-01-16 14:14:55.957907,-0.88,0.10,602.9,1,JV Butterfly.mp3,data
2025-01-16 14:14:56.057457,-0.78,0.10,602.9,1,JV Butterfly.mp3,data
2025-01-16 14:14:56.374741,-0.83,0.00,602.9,1,Sybianne14.mp3,data
2025-01-16 14:14:56.374845,-0.83,0.00,602.9,1,Sybianne14.mp3,data
2025-01-16 14:14:56.374888,-0.78,0.00,602.9,1,Sybianne14.mp3,data
2025-01-16 14:14:56.466279,-0.83,0.35,1195.1,1,Sybianne14.mp3,data
2025-01-16 14:14:56.563577,-0.83,0.35,1195.1,1,Sybianne14.mp3,data
2025-01-16 14:14:56.665732,-0.78,0.34,1195.1,1,Sybianne14.mp3,data
2025-01-16 14:14:56.766883,-0.83,0.65,1195.1,1,Sybianne14.mp3,data
2025-01-16 14:14:56.863797,-0.88,0.64,1195.1,1,Sybianne14.mp3,data
2025-01-16 14:14:56.962304,-0.83,0.64,1195.1,1,Sybianne14.mp3,data
2025-01-16 14:14:57.058579,-0.78,0.64,1195.1,1,Sybianne14.mp3,data
2025-01-16 14:14:57.164975,-0.83,0.64,1195.1,1,Sybianne14.mp3,data
2025-01-16 14:14:57.263313,-0.88,0.63,1195.1,1,Sybianne14.mp3,data
2025-01-16 14:14:57.360935,-0.83,0.63,1195.1,1,Sybianne14.mp3,data
2025-01-16 14:14:57.465722,-0.88,0.62,1195.1,1,Sybianne14.mp3,data
2025-01-16 14:14:57.556311,-0.83,0.62,1195.1,1,Sybianne14.mp3,data
2025-01-16 14:14:57.666159,-0.83,0.60,1195.1,1,Sybianne14.mp3,data
2025-01-16 14:14:57.763247,-0.88,0.60,1195.1,1,Sybianne14.mp3,data
2025-01-16 14:14:57.862964,-0.78,0.59,1195.1,1,Sybianne14.mp3,data
2025-01-16 14:14:57.965222,-0.83,0.58,1195.1,1,Sybianne14.mp3,data
2025-01-16 14:14:58.057701,-0.83,0.58,1195.1,1,Sybianne14.mp3,data
2025-01-16 14:14:58.155964,-0.83,0.57,1195.1,1,Sybianne14.mp3,data
2025-01-16 14:14:58.266361,-0.83,0.55,1195.1,1,Sybianne14.mp3,data
2025-01-16 14:14:58.366439,-0.83,0.46,1195.1,1,Sybianne14.mp3,data
2025-01-16 14:14:58.465525,-0.83,0.35,1195.1,1,Sybianne14.mp3,data
2025-01-16 14:14:58.565364,-0.83,0.34,1195.1,1,Sybianne14.mp3,data
2025-01-16 14:14:58.661298,-0.83,0.36,1195.1,1,Sybianne14.mp3,data
2025-01-16 14:14:58.759675,-0.83,0.51,1195.1,1,Sybianne14.mp3,data
2025-01-16 14:14:58.866280,-0.88,0.49,1195.1,1,Sybianne14.mp3,data
2025-01-16 14:14:58.958292,-0.88,0.48,1195.1,1,Sybianne14.mp3,data
2025-01-16 14:14:59.055055,-0.88,0.47,1195.1,1,Sybianne14.mp3,data
2025-01-16 14:14:59.160609,-0.88,0.46,1195.1,1,Sybianne14.mp3,data
2025-01-16 14:14:59.258414,-0.83,0.45,1195.1,1,Sybianne14.mp3,data
2025-01-16 14:14:59.358875,-0.78,0.43,1195.1,1,Sybianne14.mp3,data
2025-01-16 14:14:59.461916,-0.83,0.42,1195.1,1,Sybianne14.mp3,data
2025-01-16 14:14:59.557663,-0.88,0.41,1195.1,1,Sybianne14.mp3,data
2025-01-16 14:14:59.674015,-0.88,0.39,1195.1,1,Sybianne14.mp3,data
2025-01-16 14:14:59.757971,-0.78,0.38,1195.1,1,Sybianne14.mp3,data
2025-01-16 14:14:59.856649,-0.83,0.37,1195.1,1,Sybianne14.mp3,data
2025-01-16 14:14:59.967464,-0.83,0.34,1195.1,1,Sybianne14.mp3,data
2025-01-16 14:15:00.079337,-0.83,0.33,1248.9,1,Sybianne14.mp3,data
2025-01-16 14:15:00.165103,-0.94,0.32,1248.9,1,Sybianne14.mp3,data
2025-01-16 14:15:00.266312,-0.83,0.31,1248.9,1,Sybianne14.mp3,data
2025-01-16 14:15:00.361435,-0.88,0.30,1152.0,1,Sybianne14.mp3,data
2025-01-16 14:15:00.460749,-0.83,0.35,1195.1,1,Sybianne14.mp3,data
2025-01-16 14:15:00.566725,-0.83,0.36,1195.1,1,Sybianne14.mp3,data
2025-01-16 14:15:00.584710,0.00,0.00,1195.1,1,Sybianne14.mp3,hooray_started
2025-01-16 14:15:00.666554,-0.88,0.36,1195.1,1,Sybianne14.mp3,data
2025-01-16 14:15:00.757867,-0.83,0.36,1195.1,1,Sybianne14.mp3,data
2025-01-16 14:15:00.860185,-0.78,0.36,1195.1,1,Sybianne14.mp3,data
2025-01-16 14:15:00.966109,-0.88,0.36,1195.1,1,Sybianne14.mp3,data
2025-01-16 14:15:01.064333,-0.83,0.36,1195.1,1,Sybianne14.mp3,data
2025-01-16 14:15:01.157164,-0.83,0.36,1195.1,1,Sybianne14.mp3,data
2025-01-16 14:15:01.259769,-0.83,0.36,1195.1,1,Sybianne14.mp3,data
2025-01-16 14:15:01.366870,-0.83,0.36,1195.1,1,Sybianne14.mp3,data
2025-01-16 14:15:01.459623,-0.88,0.36,1195.1,1,Sybianne14.mp3,data
2025-01-16 14:15:01.558750,-0.83,0.36,1195.1,1,Sybianne14.mp3,data
2025-01-16 14:15:01.663744,-0.88,0.36,1195.1,1,Sybianne14.mp3,data
2025-01-16 14:15:01.767660,-0.83,0.36,1195.1,1,Sybianne14.mp3,data
2025-01-16 14:15:01.866279,-0.88,0.36,1195.1,1,Sybianne14.mp3,data
2025-01-16 14:15:01.972224,-0.83,0.36,1195.1,1,Sybianne14.mp3,data
2025-01-16 14:15:02.065489,-0.88,0.36,1195.1,1,Sybianne14.mp3,data
2025-01-16 14:15:02.161015,-0.78,0.36,1195.1,1,Sybianne14.mp3,data
2025-01-16 14:15:02.266506,-0.88,0.36,1195.1,1,Sybianne14.mp3,data
2025-01-16 14:15:02.360419,-0.83,0.36,1195.1,1,Sybianne14.mp3,data
2025-01-16 14:15:02.461215,-0.83,0.36,1195.1,1,Sybianne14.mp3,data
2025-01-16 14:15:02.566727,-0.88,0.36,1195.1,1,Sybianne14.mp3,data
2025-01-16 14:15:02.657164,-0.83,0.36,1195.1,1,Sybianne14.mp3,data
2025-01-16 14:15:02.758222,-0.83,0.36,1195.1,1,Sybianne14.mp3,data
2025-01-16 14:15:02.856501,-0.83,0.36,1195.1,1,Sybianne14.mp3,data
2025-01-16 14:15:02.959485,-0.83,0.36,1195.1,1,Sybianne14.mp3,data
2025-01-16 14:15:03.059423,-0.83,0.36,1195.1,1,Sybianne14.mp3,data
2025-01-16 14:15:03.165260,-0.88,0.36,1195.1,1,Sybianne14.mp3,data
2025-01-16 14:15:03.257451,-0.88,0.36,1195.1,1,Sybianne14.mp3,data
2025-01-16 14:15:03.360731,-0.78,0.36,1195.1,1,Sybianne14.mp3,data
2025-01-16 14:15:03.468752,-0.83,0.36,1195.1,1,Sybianne14.mp3,data
2025-01-16 14:15:03.576143,-0.88,0.36,1195.1,1,Sybianne14.mp3,data
2025-01-16 14:15:03.662855,-0.78,0.36,1195.1,1,Sybianne14.mp3,data
2025-01-16 14:15:03.766896,-0.83,0.36,1195.1,1,Sybianne14.mp3,data
2025-01-16 14:15:03.861719,-0.83,0.36,1195.1,1,Sybianne14.mp3,data
2025-01-16 14:15:03.960679,-0.83,0.36,1195.1,1,Sybianne14.mp3,data
2025-01-16 14:15:04.062725,-0.83,0.36,1195.1,1,Sybianne14.mp3,data
2025-01-16 14:15:04.157308,-0.83,0.36,1195.1,1,Sybianne14.mp3,data
2025-01-16 14:15:04.261112,-0.83,0.36,1195.1,1,Sybianne14.mp3,data
2025-01-16 14:15:04.364780,-0.83,0.36,1195.1,1,Sybianne14.mp3,data
2025-01-16 14:15:04.467516,-0.83,0.36,1195.1,1,Sybianne14.mp3,data
2025-01-16 14:15:04.563516,-0.88,0.36,1195.1,1,Sybianne14.mp3,data
2025-01-16 14:15:04.665687,-0.83,0.36,1195.1,1,Sybianne14.mp3,data
2025-01-16 14:15:04.763310,-0.83,0.36,1195.1,1,Sybianne14.mp3,data
2025-01-16 14:15:04.862447,-0.83,0.36,1195.1,1,Sybianne14.mp3,data
2025-01-16 14:15:04.962495,-0.78,0.36,1195.1,1,Sybianne14.mp3,data
2025-01-16 14:15:05.059174,-0.83,0.36,1195.1,1,Sybianne14.mp3,data
2025-01-16 14:15:05.172762,-0.83,0.36,1195.1,1,Sybianne14.mp3,data
2025-01-16 14:15:05.258204,-0.88,0.36,1195.1,1,Sybianne14.mp3,data
2025-01-16 14:15:05.359959,-0.83,0.36,1195.1,1,Sybianne14.mp3,data
2025-01-16 14:15:05.457087,-0.88,0.36,1195.1,1,Sybianne14.mp3,data
2025-01-16 14:15:05.560215,-0.83,0.36,1195.1,1,Sybianne14.mp3,data
2025-01-16 14:15:05.659991,-0.83,0.32,1205.9,1,Sybianne14.mp3,data
2025-01-16 14:15:05.760524,-0.88,0.26,1248.9,1,Sybianne14.mp3,data
2025-01-16 14:15:05.862595,-0.83,0.25,1248.9,1,Sybianne14.mp3,data
2025-01-16 14:15:05.966863,-0.83,0.24,1152.0,1,Sybianne14.mp3,data
2025-01-16 14:15:06.065793,-0.88,0.24,1152.0,1,Sybianne14.mp3,data
2025-01-16 14:15:06.170606,-0.83,0.23,1248.9,1,Sybianne14.mp3,data
2025-01-16 14:15:06.259666,-0.88,0.23,1248.9,1,Sybianne14.mp3,data
2025-01-16 14:15:06.358986,-0.83,0.23,1248.9,1,Sybianne14.mp3,data
2025-01-16 14:15:06.460256,-0.83,0.23,1248.9,1,Sybianne14.mp3,data
2025-01-16 14:15:06.560635,-0.83,0.23,1248.9,1,Sybianne14.mp3,data
2025-01-16 14:15:06.659829,-0.83,0.24,1248.9,1,Sybianne14.mp3,data
2025-01-16 14:15:06.760198,-0.83,0.24,1248.9,1,Sybianne14.mp3,data
2025-01-16 14:15:06.860560,-0.83,0.25,1152.0,1,Sybianne14.mp3,data
2025-01-16 14:15:06.961098,-0.88,0.26,1248.9,1,Sybianne14.mp3,data
2025-01-16 14:15:07.061666,-0.83,0.26,1248.9,1,Sybianne14.mp3,data
2025-01-16 14:15:07.157445,-0.83,0.27,1152.0,1,Sybianne14.mp3,data
2025-01-16 14:15:07.268188,-0.83,0.29,1248.9,1,Sybianne14.mp3,data
2025-01-16 14:15:07.365350,-0.83,0.32,1205.9,1,Sybianne14.mp3,data
2025-01-16 14:15:07.463732,-0.83,0.36,1195.1,1,Sybianne14.mp3,data
2025-01-16 14:15:07.566428,-0.83,0.35,1195.1,1,Sybianne14.mp3,data
2025-01-16 14:15:07.656543,-0.83,0.36,1195.1,1,Sybianne14.mp3,data
2025-01-16 14:15:07.764138,-0.88,0.35,1195.1,1,Sybianne14.mp3,data
2025-01-16 14:15:07.864859,-0.88,0.37,1195.1,1,Sybianne14.mp3,data
2025-01-16 14:15:07.963507,-0.83,0.38,1195.1,1,Sybianne14.mp3,data
2025-01-16 14:15:08.063367,-0.83,0.39,1195.1,1,Sybianne14.mp3,data
2025-01-16 14:15:08.164687,-0.88,0.41,1195.1,1,Sybianne14.mp3,data
2025-01-16 14:15:08.273678,-0.83,0.42,1195.1,1,Sybianne14.mp3,data
2025-01-16 14:15:08.359815,-0.88,0.43,1195.1,1,Sybianne14.mp3,data
2025-01-16 14:15:08.459219,-0.83,0.44,1195.1,1,Sybianne14.mp3,data
2025-01-16 14:15:08.562463,-0.83,0.46,1195.1,1,Sybianne14.mp3,data
2025-01-16 14:15:08.665575,-0.88,0.47,1195.1,1,Sybianne14.mp3,data
2025-01-16 14:15:08.766914,-0.88,0.48,1195.1,1,Sybianne14.mp3,data
2025-01-16 14:15:08.864583,-0.83,0.49,1195.1,1,Sybianne14.mp3,data
2025-01-16 14:15:08.967824,-0.83,0.51,1195.1,1,Sybianne14.mp3,data
2025-01-16 14:15:09.069129,-0.78,0.52,1195.1,1,Sybianne14.mp3,data
2025-01-16 14:15:09.168861,-0.83,0.53,1195.1,1,Sybianne14.mp3,data
2025-01-16 14:15:09.258793,-0.83,0.53,1195.1,1,Sybianne14.mp3,data
2025-01-16 14:15:09.360770,-0.83,0.54,1195.1,1,Sybianne14.mp3,data
2025-01-16 14:15:09.465574,-0.83,0.34,1195.1,1,Sybianne14.mp3,data
2025-01-16 14:15:09.564202,-0.83,0.36,1195.1,1,Sybianne14.mp3,data
2025-01-16 14:15:09.665169,-0.83,0.45,1195.1,1,Sybianne14.mp3,data
2025-01-16 14:15:09.768178,-0.83,0.59,1195.1,1,Sybianne14.mp3,data
2025-01-16 14:15:09.862475,-0.88,0.60,1195.1,1,Sybianne14.mp3,data
2025-01-16 14:15:09.962946,-0.83,0.60,1195.1,1,Sybianne14.mp3,data
2025-01-16 14:15:10.061224,-0.83,0.61,1195.1,1,Sybianne14.mp3,data
2025-01-16 14:15:10.164814,-0.83,0.62,1195.1,1,Sybianne14.mp3,data
2025-01-16 14:15:10.264621,-0.83,0.62,1195.1,1,Sybianne14.mp3,data
2025-01-16 14:15:10.360374,-0.83,0.63,1195.1,1,Sybianne14.mp3,data
2025-01-16 14:15:10.458843,-0.88,0.63,1195.1,1,Sybianne14.mp3,data
2025-01-16 14:15:10.558741,-0.83,0.64,1195.1,1,Sybianne14.mp3,data
2025-01-16 14:15:10.667301,-0.83,0.65,1195.1,1,Sybianne14.mp3,data
2025-01-16 14:15:10.680127,0.00,0.00,1195.1,2,Sybianne14.mp3,hooray_complete
2025-01-16 14:15:10.766483,-0.83,0.65,1195.1,2,Sybianne14.mp3,data
2025-01-16 14:15:10.865219,-0.83,0.65,1195.1,2,Sybianne14.mp3,data
2025-01-16 14:15:10.959908,-0.88,0.65,1195.1,2,Sybianne14.mp3,data
2025-01-16 14:15:11.035030,0.00,0.00,1195.1,2,Sybianne14.mp3,hooray_started
2025-01-16 14:15:11.062342,-0.83,0.65,1195.1,2,Sybianne14.mp3,data
2025-01-16 14:15:11.158188,-0.83,0.66,1195.1,2,Sybianne14.mp3,data
2025-01-16 14:15:11.258666,-0.88,0.66,1195.1,2,Sybianne14.mp3,data
2025-01-16 14:15:11.365169,-0.83,0.59,1195.1,2,Sybianne14.mp3,data
2025-01-16 14:15:11.468060,-0.83,0.36,1195.1,2,Sybianne14.mp3,data
2025-01-16 14:15:11.566967,-0.83,0.36,1195.1,2,Sybianne14.mp3,data
2025-01-16 14:15:11.663095,-0.83,0.39,1195.1,2,Sybianne14.mp3,data
2025-01-16 14:15:11.761168,-0.83,0.57,1195.1,2,Sybianne14.mp3,data
2025-01-16 14:15:11.867124,-0.83,0.65,1195.1,2,Sybianne14.mp3,data
2025-01-16 14:15:11.967413,-0.83,0.65,1195.1,2,Sybianne14.mp3,data
2025-01-16 14:15:12.065420,-0.83,0.65,1195.1,2,Sybianne14.mp3,data
2025-01-16 14:15:12.164893,-0.83,0.64,1195.1,2,Sybianne14.mp3,data
2025-01-16 14:15:12.267671,-0.88,0.63,1195.1,2,Sybianne14.mp3,data
2025-01-16 14:15:12.363111,-0.83,0.63,1195.1,2,Sybianne14.mp3,data
2025-01-16 14:15:12.459929,-0.88,0.63,1195.1,2,Sybianne14.mp3,data
2025-01-16 14:15:12.560734,-0.83,0.62,1195.1,2,Sybianne14.mp3,data
2025-01-16 14:15:12.668712,-0.83,0.61,1195.1,2,Sybianne14.mp3,data
2025-01-16 14:15:12.759384,-0.83,0.61,1195.1,2,Sybianne14.mp3,data
2025-01-16 14:15:12.872258,-0.78,0.60,1195.1,2,Sybianne14.mp3,data
2025-01-16 14:15:12.958410,-0.83,0.59,1195.1,2,Sybianne14.mp3,data
2025-01-16 14:15:13.058092,-0.88,0.58,1195.1,2,Sybianne14.mp3,data
2025-01-16 14:15:13.167380,-0.83,0.57,1195.1,2,Sybianne14.mp3,data
2025-01-16 14:15:13.265181,-0.83,0.56,1195.1,2,Sybianne14.mp3,data
2025-01-16 14:15:13.360555,-0.78,0.55,1195.1,2,Sybianne14.mp3,data
2025-01-16 14:15:13.461071,-0.83,0.44,1195.1,2,Sybianne14.mp3,data
2025-01-16 14:15:13.562731,-0.83,0.35,1195.1,2,Sybianne14.mp3,data
2025-01-16 14:15:13.664283,-0.83,0.37,1205.9,2,Sybianne14.mp3,data
2025-01-16 14:15:13.768541,-0.83,0.50,1195.1,2,Sybianne14.mp3,data
2025-01-16 14:15:13.868955,-0.83,0.49,1195.1,2,Sybianne14.mp3,data
2025-01-16 14:15:13.960554,-0.83,0.49,1195.1,2,Sybianne14.mp3,data
2025-01-16 14:15:14.060711,-0.83,0.48,1195.1,2,Sybianne14.mp3,data
2025-01-16 14:15:14.158583,-0.83,0.46,1195.1,2,Sybianne14.mp3,data
2025-01-16 14:15:14.257140,-0.83,0.45,1195.1,2,Sybianne14.mp3,data
2025-01-16 14:15:14.365678,-0.83,0.43,1195.1,2,Sybianne14.mp3,data
2025-01-16 14:15:14.467434,-0.78,0.42,1195.1,2,Sybianne14.mp3,data
2025-01-16 14:15:14.566119,-0.83,0.41,1195.1,2,Sybianne14.mp3,data
2025-01-16 14:15:14.665773,-0.83,0.39,1195.1,2,Sybianne14.mp3,data
2025-01-16 14:15:14.759209,-0.83,0.38,1195.1,2,Sybianne14.mp3,data
2025-01-16 14:15:14.859096,-0.83,0.37,1195.1,2,Sybianne14.mp3,data
2025-01-16 14:15:14.968860,-0.78,0.35,1195.1,2,Sybianne14.mp3,data
2025-01-16 14:15:15.058705,-0.88,0.34,1195.1,2,Sybianne14.mp3,data
2025-01-16 14:15:15.161481,-0.83,0.33,1195.1,2,Sybianne14.mp3,data
2025-01-16 14:15:15.259676,-0.83,0.32,1195.1,2,Sybianne14.mp3,data
2025-01-16 14:15:15.357492,-0.83,0.31,1248.9,2,Sybianne14.mp3,data
2025-01-16 14:15:15.468449,-0.83,0.35,1195.1,2,Sybianne14.mp3,data
2025-01-16 14:15:15.559219,-0.78,0.34,1195.1,2,Sybianne14.mp3,data
2025-01-16 14:15:15.661225,-0.83,0.34,1195.1,2,Sybianne14.mp3,data
2025-01-16 14:15:15.769449,-0.83,0.27,1248.9,2,Sybianne14.mp3,data
2025-01-16 14:15:15.867217,-0.83,0.25,1152.0,2,Sybianne14.mp3,data
2025-01-16 14:15:15.967160,-0.83,0.24,1152.0,2,Sybianne14.mp3,data
2025-01-16 14:15:16.067538,-0.83,0.24,1152.0,2,Sybianne14.mp3,data
2025-01-16 14:15:16.165643,-0.83,0.23,1248.9,2,Sybianne14.mp3,data
2025-01-16 14:15:16.266955,-0.83,0.24,1248.9,2,Sybianne14.mp3,data
2025-01-16 14:15:16.366450,-0.83,0.23,1248.9,2,Sybianne14.mp3,data
2025-01-16 14:15:16.465677,-0.83,0.24,1248.9,2,Sybianne14.mp3,data
2025-01-16 14:15:16.566235,-0.83,0.24,1248.9,2,Sybianne14.mp3,data
2025-01-16 14:15:16.665664,-0.83,0.24,1248.9,2,Sybianne14.mp3,data
2025-01-16 14:15:16.766574,-0.83,0.25,1152.0,2,Sybianne14.mp3,data
2025-01-16 14:15:16.866238,-0.83,0.26,1152.0,2,Sybianne14.mp3,data
2025-01-16 14:15:16.966248,-0.78,0.26,1248.9,2,Sybianne14.mp3,data
2025-01-16 14:15:17.092217,-0.83,0.27,1152.0,2,Sybianne14.mp3,data
2025-01-16 14:15:17.164545,-0.88,0.28,1248.9,2,Sybianne14.mp3,data
2025-01-16 14:15:17.267146,-0.88,0.29,1248.9,2,Sybianne14.mp3,data
2025-01-16 14:15:17.367130,-0.83,0.30,1152.0,2,Sybianne14.mp3,data
2025-01-16 14:15:17.468077,-0.83,0.34,1205.9,2,Sybianne14.mp3,data
2025-01-16 14:15:17.567903,-0.83,0.34,1195.1,2,Sybianne14.mp3,data
2025-01-16 14:15:17.665892,-0.83,0.35,1195.1,2,Sybianne14.mp3,data
2025-01-16 14:15:17.766438,-0.78,0.35,1195.1,2,Sybianne14.mp3,data
2025-01-16 14:15:17.865544,-0.88,0.37,1195.1,2,Sybianne14.mp3,data
2025-01-16 14:15:17.963406,-0.83,0.38,1195.1,2,Sybianne14.mp3,data
2025-01-16 14:15:18.062489,-0.83,0.40,1195.1,2,Sybianne14.mp3,data
2025-01-16 14:15:18.162797,-0.83,0.41,1195.1,2,Sybianne14.mp3,data
2025-01-16 14:15:18.265537,-0.83,0.42,1195.1,2,Sybianne14.mp3,data
2025-01-16 14:15:18.363169,-0.83,0.44,1195.1,2,Sybianne14.mp3,data
2025-01-16 14:15:18.462707,-0.83,0.45,1195.1,2,Sybianne14.mp3,data
2025-01-16 14:15:18.559574,-0.83,0.45,1195.1,2,Sybianne14.mp3,data
2025-01-16 14:15:18.667209,-0.88,0.47,1195.1,2,Sybianne14.mp3,data
2025-01-16 14:15:18.767580,-0.83,0.49,1195.1,2,Sybianne14.mp3,data
2025-01-16 14:15:18.861585,-0.88,0.50,1195.1,2,Sybianne14.mp3,data
2025-01-16 14:15:18.961677,-0.83,0.51,1195.1,2,Sybianne14.mp3,data
2025-01-16 14:15:19.060866,-0.83,0.52,1195.1,2,Sybianne14.mp3,data
2025-01-16 14:15:19.159203,-0.88,0.53,1195.1,2,Sybianne14.mp3,data
2025-01-16 14:15:19.268197,-0.83,0.54,1195.1,2,Sybianne14.mp3,data
2025-01-16 14:15:19.366076,-0.83,0.56,1195.1,2,Sybianne14.mp3,data
2025-01-16 14:15:19.466051,-0.83,0.38,1205.9,2,Sybianne14.mp3,data
2025-01-16 14:15:19.566259,-0.83,0.36,1195.1,2,Sybianne14.mp3,data
2025-01-16 14:15:19.664363,-0.83,0.36,1195.1,2,Sybianne14.mp3,data
2025-01-16 14:15:19.758696,-0.83,0.40,1195.1,2,Sybianne14.mp3,data
2025-01-16 14:15:19.867260,-0.83,0.60,1195.1,2,Sybianne14.mp3,data
2025-01-16 14:15:19.966314,-0.83,0.61,1195.1,2,Sybianne14.mp3,data
2025-01-16 14:15:20.062697,-0.88,0.62,1195.1,2,Sybianne14.mp3,data
2025-01-16 14:15:20.167497,-0.83,0.62,1195.1,2,Sybianne14.mp3,data
2025-01-16 14:15:20.267057,-0.88,0.63,1195.1,2,Sybianne14.mp3,data
2025-01-16 14:15:20.367192,-0.88,0.64,1195.1,2,Sybianne14.mp3,data
2025-01-16 14:15:20.468245,-0.83,0.64,1195.1,2,Sybianne14.mp3,data
2025-01-16 14:15:20.567484,-0.88,0.65,1195.1,2,Sybianne14.mp3,data
2025-01-16 14:15:20.661925,-0.83,0.65,1195.1,2,Sybianne14.mp3,data
2025-01-16 14:15:20.769649,-0.83,0.65,1195.1,2,Sybianne14.mp3,data
2025-01-16 14:15:20.869011,-0.83,0.66,1195.1,2,Sybianne14.mp3,data
2025-01-16 14:15:20.969472,-0.88,0.66,1195.1,2,Sybianne14.mp3,data
2025-01-16 14:15:21.069720,-0.88,0.66,1195.1,2,Sybianne14.mp3,data
2025-01-16 14:15:21.166515,-0.83,0.66,1195.1,2,Sybianne14.mp3,data
2025-01-16 14:15:21.266977,-0.83,0.66,1195.1,2,Sybianne14.mp3,data
2025-01-16 14:15:21.369450,-0.83,0.67,1195.1,2,Sybianne14.mp3,data
2025-01-16 14:15:21.469349,-0.83,0.48,1195.1,2,Sybianne14.mp3,data
2025-01-16 14:15:21.572044,-0.88,0.35,1195.1,2,Sybianne14.mp3,data
2025-01-16 14:15:21.672096,-0.83,0.35,1195.1,2,Sybianne14.mp3,data
2025-01-16 14:15:21.774457,-0.83,0.59,1195.1,2,Sybianne14.mp3,data
2025-01-16 14:15:21.860289,-0.88,0.66,1195.1,2,Sybianne14.mp3,data
2025-01-16 14:15:21.962403,-0.83,0.66,1195.1,2,Sybianne14.mp3,data
2025-01-16 14:15:22.059448,-0.83,0.65,1195.1,2,Sybianne14.mp3,data
2025-01-16 14:15:22.160094,-0.88,0.65,1195.1,2,Sybianne14.mp3,data
2025-01-16 14:15:22.270092,-0.88,0.64,1195.1,2,Sybianne14.mp3,data
2025-01-16 14:15:22.370545,-0.83,0.64,1195.1,2,Sybianne14.mp3,data
2025-01-16 14:15:22.470994,-0.83,0.63,1195.1,2,Sybianne14.mp3,data
2025-01-16 14:15:22.563038,-0.83,0.63,1195.1,2,Sybianne14.mp3,data
2025-01-16 14:15:22.670837,-0.88,0.62,1195.1,2,Sybianne14.mp3,data
2025-01-16 14:15:22.771229,-0.83,0.61,1195.1,2,Sybianne14.mp3,data
2025-01-16 14:15:22.871576,-0.83,0.60,1195.1,2,Sybianne14.mp3,data
2025-01-16 14:15:22.959618,-0.83,0.60,1195.1,2,Sybianne14.mp3,data
2025-01-16 14:15:23.058458,-0.83,0.59,1195.1,2,Sybianne14.mp3,data
2025-01-16 14:15:23.172019,-0.83,0.58,1195.1,2,Sybianne14.mp3,data
2025-01-16 14:15:23.259407,-0.83,0.57,1195.1,2,Sybianne14.mp3,data
2025-01-16 14:15:23.370048,-0.78,0.55,1195.1,2,Sybianne14.mp3,data
2025-01-16 14:15:23.470455,-0.83,0.43,1195.1,2,Sybianne14.mp3,data
2025-01-16 14:15:23.571196,-0.83,0.36,1195.1,2,Sybianne14.mp3,data
2025-01-16 14:15:23.658905,-0.88,0.35,1195.1,2,Sybianne14.mp3,data
2025-01-16 14:15:23.770645,-0.88,0.44,1205.9,2,Sybianne14.mp3,data
2025-01-16 14:15:23.865682,-0.88,0.50,1195.1,2,Sybianne14.mp3,data
2025-01-16 14:15:23.966247,-0.83,0.49,1195.1,2,Sybianne14.mp3,data
2025-01-16 14:15:24.066822,-0.83,0.47,1195.1,2,Sybianne14.mp3,data
2025-01-16 14:15:24.170326,-0.83,0.46,1195.1,2,Sybianne14.mp3,data
2025-01-16 14:15:24.269612,-0.83,0.45,1195.1,2,Sybianne14.mp3,data
2025-01-16 14:15:24.369971,-0.88,0.43,1195.1,2,Sybianne14.mp3,data
2025-01-16 14:15:24.470993,-0.83,0.42,1195.1,2,Sybianne14.mp3,data
2025-01-16 14:15:24.572610,-0.83,0.41,1195.1,2,Sybianne14.mp3,data
2025-01-16 14:15:24.672079,-0.83,0.39,1195.1,2,Sybianne14.mp3,data
2025-01-16 14:15:24.760015,-0.78,0.38,1195.1,2,Sybianne14.mp3,data
2025-01-16 14:15:24.860527,-0.88,0.38,1195.1,2,Sybianne14.mp3,data
2025-01-16 14:15:24.961081,-0.78,0.36,1195.1,2,Sybianne14.mp3,data
2025-01-16 14:15:25.058855,-0.83,0.35,1195.1,2,Sybianne14.mp3,data
2025-01-16 14:15:25.159227,-0.83,0.33,1195.1,2,Sybianne14.mp3,data
2025-01-16 14:15:25.259695,-0.83,0.32,1248.9,2,Sybianne14.mp3,data
2025-01-16 14:15:25.367948,-0.83,0.30,1248.9,2,Sybianne14.mp3,data
2025-01-16 14:15:25.467795,-0.83,0.32,1195.1,2,Sybianne14.mp3,data
2025-01-16 14:15:25.568454,-0.78,0.36,1195.1,2,Sybianne14.mp3,data
2025-01-16 14:15:25.668807,-0.83,0.34,1195.1,2,Sybianne14.mp3,data
2025-01-16 14:15:25.768247,-0.83,0.30,1205.9,2,Sybianne14.mp3,data
2025-01-16 14:15:25.867555,-0.83,0.25,1152.0,2,Sybianne14.mp3,data
2025-01-16 14:15:25.970757,-0.83,0.25,1152.0,2,Sybianne14.mp3,data
2025-01-16 14:15:26.071066,-0.83,0.24,1248.9,2,Sybianne14.mp3,data
2025-01-16 14:15:26.170628,-0.88,0.24,1248.9,2,Sybianne14.mp3,data
2025-01-16 14:15:26.270248,-0.83,0.23,1248.9,2,Sybianne14.mp3,data
2025-01-16 14:15:26.370755,-0.78,0.24,1248.9,2,Sybianne14.mp3,data
2025-01-16 14:15:26.470328,-0.83,0.24,1248.9,2,Sybianne14.mp3,data
2025-01-16 14:15:26.558286,-0.88,0.24,1248.9,2,Sybianne14.mp3,data
2025-01-16 14:15:26.667775,-0.83,0.24,1248.9,2,Sybianne14.mp3,data
2025-01-16 14:15:26.767466,-0.88,0.25,1152.0,2,Sybianne14.mp3,data
2025-01-16 14:15:26.867288,-0.78,0.25,1248.9,2,Sybianne14.mp3,data
2025-01-16 14:15:26.967323,-0.83,0.27,1248.9,2,Sybianne14.mp3,data
2025-01-16 14:15:27.065966,-0.83,0.27,1248.9,2,Sybianne14.mp3,data
2025-01-16 14:15:27.165284,-0.83,0.28,1248.9,2,Sybianne14.mp3,data
2025-01-16 14:15:27.260766,-0.83,0.29,1248.9,2,Sybianne14.mp3,data
2025-01-16 14:15:27.360914,-0.83,0.30,1248.9,2,Sybianne14.mp3,data
2025-01-16 14:15:27.460498,-0.83,0.31,1248.9,2,Sybianne14.mp3,data
2025-01-16 14:15:27.560908,-0.88,0.35,1195.1,2,Sybianne14.mp3,data
2025-01-16 14:15:27.659432,-0.88,0.35,1195.1,2,Sybianne14.mp3,data
2025-01-16 14:15:27.768386,-0.83,0.36,1195.1,2,Sybianne14.mp3,data
2025-01-16 14:15:27.868585,-0.83,0.37,1195.1,2,Sybianne14.mp3,data
2025-01-16 14:15:27.965361,-0.83,0.38,1195.1,2,Sybianne14.mp3,data
2025-01-16 14:15:28.065595,-0.83,0.40,1195.1,2,Sybianne14.mp3,data
2025-01-16 14:15:28.165270,-0.83,0.42,1195.1,2,Sybianne14.mp3,data
2025-01-16 14:15:28.266662,-0.83,0.42,1195.1,2,Sybianne14.mp3,data
2025-01-16 14:15:28.365614,-0.83,0.44,1195.1,2,Sybianne14.mp3,data
2025-01-16 14:15:28.465123,-0.88,0.45,1195.1,2,Sybianne14.mp3,data
2025-01-16 14:15:28.564857,-0.88,0.47,1195.1,2,Sybianne14.mp3,data
2025-01-16 14:15:28.665174,-0.83,0.48,1195.1,2,Sybianne14.mp3,data
2025-01-16 14:15:28.766377,-0.88,0.49,1195.1,2,Sybianne14.mp3,data
2025-01-16 14:15:28.866688,-0.88,0.50,1195.1,2,Sybianne14.mp3,data
2025-01-16 14:15:28.966168,-0.83,0.51,1195.1,2,Sybianne14.mp3,data
2025-01-16 14:15:29.065782,-0.88,0.53,1195.1,2,Sybianne14.mp3,data
2025-01-16 14:15:29.165166,-0.83,0.54,1195.1,2,Sybianne14.mp3,data
2025-01-16 14:15:29.265220,-0.83,0.55,1195.1,2,Sybianne14.mp3,data
2025-01-16 14:15:29.361289,-0.83,0.56,1195.1,2,Sybianne14.mp3,data
2025-01-16 14:15:29.467865,-0.88,0.54,1205.9,2,Sybianne14.mp3,data
2025-01-16 14:15:29.564829,-0.83,0.36,1195.1,2,Sybianne14.mp3,data
2025-01-16 14:15:29.661334,-0.83,0.35,1195.1,2,Sybianne14.mp3,data
2025-01-16 14:15:29.770267,-0.78,0.42,1195.1,2,Sybianne14.mp3,data
2025-01-16 14:15:29.865920,-0.83,0.61,1195.1,2,Sybianne14.mp3,data
2025-01-16 14:15:29.969722,-0.88,0.61,1195.1,2,Sybianne14.mp3,data
2025-01-16 14:15:30.070172,-0.78,0.62,1195.1,2,Sybianne14.mp3,data
2025-01-16 14:15:30.169395,-0.83,0.63,1195.1,2,Sybianne14.mp3,data
2025-01-16 14:15:30.267945,-0.83,0.64,1195.1,2,Sybianne14.mp3,data
2025-01-16 14:15:30.366536,-0.83,0.64,1195.1,2,Sybianne14.mp3,data
2025-01-16 14:15:30.466925,-0.83,0.65,1195.1,2,Sybianne14.mp3,data
2025-01-16 14:15:30.567702,-0.78,0.65,1195.1,2,Sybianne14.mp3,data
2025-01-16 14:15:30.673383,-0.78,0.65,1195.1,2,Sybianne14.mp3,data
2025-01-16 14:15:30.773156,-0.78,0.66,1195.1,2,Sybianne14.mp3,data
2025-01-16 14:15:30.861328,-0.83,0.66,1195.1,2,Sybianne14.mp3,data
2025-01-16 14:15:30.962126,-0.78,0.67,1195.1,2,Sybianne14.mp3,data
2025-01-16 14:15:31.059803,-0.88,0.67,1195.1,2,Sybianne14.mp3,data
2025-01-16 14:15:31.169067,-0.83,0.67,1195.1,2,Sybianne14.mp3,data
2025-01-16 14:15:31.268955,-0.88,0.67,1195.1,2,Sybianne14.mp3,data
2025-01-16 14:15:31.369512,-0.83,0.67,1195.1,2,Sybianne14.mp3,data
2025-01-16 14:15:31.470366,-0.88,0.63,1195.1,2,Sybianne14.mp3,data
2025-01-16 14:15:31.571054,-0.78,0.35,1195.1,2,Sybianne14.mp3,data
2025-01-16 14:15:31.674466,-0.83,0.36,1195.1,2,Sybianne14.mp3,data
2025-01-16 14:15:31.777001,-0.83,0.36,1195.1,2,Sybianne14.mp3,data
2025-01-16 14:15:31.863872,-0.83,0.66,1195.1,2,Sybianne14.mp3,data
2025-01-16 14:15:31.966444,-0.83,0.66,1195.1,2,Sybianne14.mp3,data
2025-01-16 14:15:32.063151,-0.83,0.66,1195.1,2,Sybianne14.mp3,data
2025-01-16 14:15:32.169719,-0.88,0.65,1195.1,2,Sybianne14.mp3,data
2025-01-16 14:15:32.266365,-0.88,0.65,1195.1,2,Sybianne14.mp3,data
2025-01-16 14:15:32.365843,-0.88,0.64,1195.1,2,Sybianne14.mp3,data
2025-01-16 14:15:32.470914,-0.83,0.64,1195.1,2,Sybianne14.mp3,data
2025-01-16 14:15:32.559844,-0.83,0.63,1195.1,2,Sybianne14.mp3,data
2025-01-16 14:15:32.662345,-0.83,0.62,1195.1,2,Sybianne14.mp3,data
2025-01-16 14:15:32.761573,-0.88,0.62,1195.1,2,Sybianne14.mp3,data
2025-01-16 14:15:32.861459,-0.83,0.61,1195.1,2,Sybianne14.mp3,data
2025-01-16 14:15:32.970933,-0.88,0.60,1195.1,2,Sybianne14.mp3,data
2025-01-16 14:15:33.072294,-0.83,0.59,1195.1,2,Sybianne14.mp3,data
2025-01-16 14:15:33.176984,-0.88,0.58,1195.1,2,Sybianne14.mp3,data
2025-01-16 14:15:33.261218,-0.83,0.58,1195.1,2,Sybianne14.mp3,data
2025-01-16 14:15:33.365016,-0.88,0.56,1195.1,2,Sybianne14.mp3,data
2025-01-16 14:15:33.467443,-0.88,0.52,1195.1,2,Sybianne14.mp3,data
2025-01-16 14:15:33.567819,-0.78,0.36,1195.1,2,Sybianne14.mp3,data
2025-01-16 14:15:33.665132,-0.88,0.36,1195.1,2,Sybianne14.mp3,data
2025-01-16 14:15:33.767108,-0.83,0.35,1195.1,2,Sybianne14.mp3,data
2025-01-16 14:15:33.864146,-0.83,0.50,1195.1,2,Sybianne14.mp3,data
2025-01-16 14:15:33.967471,-0.88,0.49,1195.1,2,Sybianne14.mp3,data
